{
  "bias_analysis": {
    "goal": {
      "count": 2456,
      "mean_memory_prob": 0.15,
      "mean_encoding_strength": 0.15351031194237308,
      "mean_persistence": 0.2943991624376299,
      "uncertainty_level": 0.0
    },
    "miss": {
      "count": 3006,
      "mean_memory_prob": 0.27,
      "mean_encoding_strength": 0.27561873916053764,
      "mean_persistence": 0.5394685670295583,
      "uncertainty_level": 0.1
    },
    "crossbar": {
      "count": 488,
      "mean_memory_prob": 0.7499999999999999,
      "mean_encoding_strength": 0.7184256249514984,
      "mean_persistence": 1.4496977135778824,
      "uncertainty_level": 0.5
    },
    "post": {
      "count": 517,
      "mean_memory_prob": 0.715,
      "mean_encoding_strength": 0.7478094911349643,
      "mean_persistence": 1.4063124694778606,
      "uncertainty_level": 0.5
    },
    "saved": {
      "count": 2564,
      "mean_memory_prob": 0.35500000000000004,
      "mean_encoding_strength": 0.36159714834984147,
      "mean_persistence": 0.7033052963473178,
      "uncertainty_level": 0.2
    },
    "blocked": {
      "count": 969,
      "mean_memory_prob": 0.4400000000000001,
      "mean_encoding_strength": 0.42599426715576266,
      "mean_persistence": 0.8808380335086605,
      "uncertainty_level": 0.3
    }
  },
  "crossbar_phenomenon": {
    "crossbar_memory_advantage": 4.679982835427964,
    "crossbar_persistence_advantage": 4.924258960434402,
    "uncertainty_correlation": 0.9929894006829635,
    "counterfactual_bias_validated": "True"
  },
  "uncertainty_analysis": {
    "peak_uncertainty_bin": "(0.4, 0.5]",
    "peak_memory_probability": 0.7319950248756218,
    "uncertainty_peak_confirmed": "True"
  },
  "total_shots": 10000,
  "experiment": "Counterfactual Selection Bias",
  "validation_success": "True"
}