{
  "timescales": {
    "reflex_mean_ms": 34.95565684750882,
    "reflex_median_ms": 33.60048680236197,
    "reflex_95pct_ms": 53.66944810788712,
    "cognitive_mean_ms": 797.2465062170429,
    "cognitive_median_ms": 760.4754573345595,
    "cognitive_05pct_ms": 453.9860233153852,
    "cohen_d": 4.190603710891216,
    "prob_overlap": 0.0,
    "separation_ratio": 22.63287022618676
  },
  "intent_identifiability": {
    "sample_sizes": [
      10,
      30,
      100,
      300,
      1000,
      3000
    ],
    "circuit_R2": [
      0.9942430740434849,
      0.9985194630136496,
      0.99958837921854,
      0.9998735156162151,
      0.9999615900784535,
      0.9999861126734708
    ],
    "road_R2": [
      -4965.34049891908,
      -1373.1583540819515,
      -390.1765079118095,
      -123.96551982887553,
      -28.24862708885109,
      -9.900297265198049
    ],
    "circuit_mixture_entropy": [
      0.9235323622850651,
      0.9325591926479446,
      0.944707913929453,
      0.950032033781586,
      0.9492690535887589,
      0.95028914966637
    ],
    "road_mixture_entropy": [
      0.008952425641602937,
      0.009469684002260226,
      0.009596419774992098,
      0.009750231412118669,
      0.009782637628821445,
      0.009760507971368099
    ]
  },
  "theoretical_minimum": {
    "t_total_s": 125.22823462832704,
    "v_corners_mps": [
      25.849873790322327,
      44.559844885414314,
      44.559844885414314,
      21.30759150841128,
      63.72981787477566,
      32.15815922646817,
      32.15815922646817,
      40.35827841578392,
      36.24884285943424,
      44.559844885414314,
      63.72981787477566,
      25.849873790322327,
      30.092798071786525,
      53.514855962871074,
      36.24884285943424
    ],
    "lap_length_m": 4590.0
  },
  "monte_carlo": {
    "n_mc": 400,
    "t_mean_s": 125.50586887709873,
    "t_std_s": 2.837631523689845,
    "t_q05_s": 120.79159517366142,
    "t_q50_s": 125.45384953107728,
    "t_q95_s": 130.05013146646155
  },
  "monte_carlo_samples_first100": [
    126.3364464662439,
    125.6985881241098,
    126.16902611194503,
    128.59417284581136,
    122.50621404604206,
    127.75132727780533,
    132.15245901516954,
    126.50223315563667,
    123.9694651967092,
    122.22955805041195,
    127.08081755475104,
    123.80092133301017,
    123.5238563949137,
    127.26241376545032,
    120.9208135597325,
    125.09712611116461,
    127.01087279334286,
    122.6063399327872,
    121.48955879144455,
    124.468965701732,
    131.0152949054825,
    119.78307251796426,
    125.89199335265069,
    128.09696379787636,
    125.98889406991024,
    121.25944852364808,
    124.70849759999675,
    127.12224536335829,
    123.64618921942477,
    127.56312581042059,
    125.53780968662332,
    127.74653944247852,
    130.4177750612758,
    126.92055550327022,
    128.387520329508,
    126.87217929503026,
    126.9097022448842,
    124.14756067669578,
    129.6941045281308,
    128.41366604363282,
    121.77346082549508,
    123.33916992464098,
    122.67616514463047,
    129.3408871745453,
    125.85418035785936,
    121.03550357386163,
    122.14247534441417,
    128.58428137808613,
    121.86806413116972,
    130.52067066842093,
    130.61050445100582,
    126.88922864609957,
    122.19371814422003,
    129.39391314099214,
    126.43496452168606,
    124.60906557339274,
    125.11405646077476,
    126.76709824132897,
    125.243939266321,
    125.4283857765343,
    123.93976602334114,
    127.36741049614201,
    120.49572136751793,
    127.59578229275122,
    129.8976735088051,
    124.8842665529304,
    124.86145634869314,
    127.32031855256547,
    123.40385329176338,
    125.5619081918631,
    125.43067037386653,
    129.32815418370535,
    127.29745657171125,
    128.56384540013772,
    124.86071342561613,
    122.70258800954295,
    122.9404919305465,
    128.38423892037846,
    126.24110491662105,
    125.51800306637567,
    123.21334627206566,
    128.92274462954228,
    124.82547103559315,
    126.36762560801014,
    120.4120463297451,
    126.26114461133528,
    125.9410346744864,
    122.55160135246824,
    125.24112640283694,
    122.3163737132783,
    127.3070335991823,
    124.45337946555458,
    119.49640122105933,
    127.81197637029418,
    127.52767614623663,
    123.80684866714137,
    122.98961869952905,
    124.99333064115577,
    124.62797760237407,
    124.70794367984823
  ],
  "gumbel_historical": {
    "years": [
      2004,
      2005,
      2006,
      2007,
      2008,
      2009,
      2010,
      2011,
      2012,
      2013,
      2014,
      2015,
      2016,
      2017,
      2018,
      2019,
      2020,
      2021,
      2022,
      2023,
      2024
    ],
    "pole_s": [
      93.41790862192035,
      91.50642177347089,
      91.07860328865625,
      91.78338277379942,
      90.95016889187191,
      90.82338173525514,
      92.54798214067381,
      91.24468011602535,
      91.08617208873818,
      90.67374555091024,
      90.87806277858319,
      90.81731524184764,
      89.9585204714743,
      90.81420942947585,
      88.95522263696806,
      89.86855400430547,
      89.6760659084071,
      90.02276283146118,
      88.5027517046463,
      89.47377241538142,
      88.841246471836
    ],
    "nominal_s": [
      92.05017996259214,
      91.75223568405899,
      91.47822751971792,
      91.25851699313554,
      91.11017167245886,
      91.03278643448053,
      91.0085826529293,
      91.00676102623243,
      90.99104232070385,
      90.92854979223313,
      90.79785855986009,
      90.59424116385286,
      90.33082501272608,
      90.03537833580212,
      89.74351155222217,
      89.48995859838365,
      89.30007284892174,
      89.18361972636889,
      89.13238578513774,
      89.122189649455,
      89.11880245750554
    ],
    "gumbel_mu": 91.21591630827201,
    "gumbel_beta": 1.231306367467428
  },
  "unmodelled_variable": {
    "n_values": [
      2,
      4,
      8,
      16,
      32,
      64,
      128,
      256,
      512,
      1024
    ],
    "curves": {
      "polynomial": [
        1.349768352203954,
        0.8547412832705871,
        0.8530049218153359,
        0.7421467805814214,
        0.7355473760403358,
        0.7355473760403358,
        0.7355473760403358,
        0.7355473760403358,
        0.7355473760403358,
        0.7355473760403358
      ],
      "rbf_random_features": [
        1.4868339318414734,
        1.4839997809701708,
        1.4723720722767688,
        1.4663845950257561,
        1.458914489699954,
        1.4235541597048027,
        1.3906077783461384,
        1.3168860429829075,
        1.2142322155209613,
        1.0175806349055605
      ],
      "neural_random_features": [
        1.379297349554955,
        1.0953732514339714,
        0.8416183651390593,
        0.7061928426873336,
        0.5751787546378911,
        0.5053613788309718,
        0.36476988624312934,
        0.2940294352702947,
        0.21682864128697277,
        0.14595542763952557
      ],
      "physics_informed": [
        1.282272719709964,
        0.2060353949188032,
        0.2060353949188032,
        0.20598496568300254,
        0.20538966568727612,
        0.20501981406818368,
        0.2030878830455054,
        0.20131129642456447,
        0.19812909385522914,
        0.19056681578270876
      ]
    },
    "sigma_perp_floor": 0.16256857126245142
  },
  "residual_spectrum": {
    "band_fraction_5_30_Hz": 0.9161408746602391,
    "spectral_centroid_Hz": 19.799637336522274
  },
  "curriculum": {
    "stages": [
      "circuit",
      "kerb_respect",
      "track_limits",
      "double_yellow",
      "pit_lane",
      "signals",
      "pedestrians",
      "intersections",
      "urban"
    ],
    "complexity_increment": [
      0.0,
      0.8,
      1.0,
      1.1,
      1.3,
      1.4,
      1.7,
      1.9,
      2.2
    ],