{
  "molecule": "CH4+",
  "trajectory_data": {
    "n_points": 100,
    "fidelity_at_tau_em": 0.7432550242758794,
    "average_fidelity": 0.9827097189989275
  },
  "simulated_trajectory": {
    "time": [
      0.0,
      2.5757575757575754e-11,
      5.151515151515151e-11,
      7.727272727272726e-11,
      1.0303030303030302e-10,
      1.2878787878787878e-10,
      1.5454545454545453e-10,
      1.8030303030303027e-10,
      2.0606060606060604e-10,
      2.318181818181818e-10,
      2.5757575757575757e-10,
      2.833333333333333e-10,
      3.0909090909090905e-10,
      3.348484848484848e-10,
      3.6060606060606054e-10,
      3.863636363636363e-10,
      4.1212121212121207e-10,
      4.3787878787878784e-10,
      4.636363636363636e-10,
      4.893939393939393e-10,
      5.151515151515151e-10,
      5.409090909090909e-10,
      5.666666666666666e-10,
      5.924242424242424e-10,
      6.181818181818181e-10,
      6.439393939393938e-10,
      6.696969696969696e-10,
      6.954545454545454e-10,
      7.212121212121211e-10,
      7.469696969696969e-10,
      7.727272727272726e-10,
      7.984848484848484e-10,
      8.242424242424241e-10,
      8.499999999999999e-10,
      8.757575757575757e-10,
      9.015151515151514e-10,
      9.272727272727272e-10,
      9.530303030303028e-10,
      9.787878787878786e-10,
      1.0045454545454545e-09,
      1.0303030303030303e-09,
      1.0560606060606059e-09,
      1.0818181818181817e-09,
      1.1075757575757575e-09,
      1.1333333333333331e-09,
      1.159090909090909e-09,
      1.1848484848484848e-09,
      1.2106060606060604e-09,
      1.2363636363636362e-09,
      1.262121212121212e-09,
      1.2878787878787876e-09,
      1.3136363636363635e-09,
      1.3393939393939393e-09,
      1.3651515151515149e-09,
      1.3909090909090907e-09,
      1.4166666666666665e-09,
      1.4424242424242421e-09,
      1.468181818181818e-09,
      1.4939393939393938e-09,
      1.5196969696969696e-09,
      1.5454545454545452e-09,
      1.571212121212121e-09,
      1.5969696969696969e-09,
      1.6227272727272725e-09,
      1.6484848484848483e-09,
      1.674242424242424e-09,
      1.6999999999999997e-09,
      1.7257575757575755e-09,
      1.7515151515151514e-09,
      1.777272727272727e-09,
      1.8030303030303028e-09,
      1.8287878787878786e-09,
      1.8545454545454544e-09,
      1.88030303030303e-09,
      1.9060606060606056e-09,
      1.9318181818181817e-09,
      1.9575757575757573e-09,
      1.983333333333333e-09,
      2.009090909090909e-09,
      2.0348484848484845e-09,
      2.0606060606060606e-09,
      2.086363636363636e-09,
      2.1121212121212118e-09,
      2.137878787878788e-09,
      2.1636363636363634e-09,
      2.189393939393939e-09,
      2.215151515151515e-09,
      2.2409090909090907e-09,
      2.2666666666666663e-09,
      2.2924242424242423e-09,
      2.318181818181818e-09,
      2.3439393939393935e-09,
      2.3696969696969696e-09,
      2.395454545454545e-09,
      2.4212121212121208e-09,
      2.446969696969697e-09,
      2.4727272727272724e-09,
      2.498484848484848e-09,
      2.524242424242424e-09,
      2.5499999999999997e-09
    ],
    "c0": [
      0.0,
      0.0303030303030303,
      0.11822773186409549,
      0.23009711439463504,
      0.34633077371932863,
      0.456253013736185,
      0.5546876315787085,
      0.6397498032709511,
      0.7114346046829616,
      0.7707313724376135,
      0.8190817449907846,
      0.8580595926395289,
      0.8891919927112668,
      0.9138680495798328,
      0.9333009189448515,
      0.9485207769174068,
      0.9603846708491038,
      0.9695945650273494,
      0.9767183808649679,
      0.9822110601245295,
      0.9864340784703852,
      0.9896726927735466,
      0.9921507113626938,
      0.9940428594436526,
      0.9954849561907022,
      0.9965821802400269,
      0.9974157116376545,
      0.9980480229208901,
      0.9985270636651151,
      0.9988895497234526,
      0.9991635352220007,
      0.9993704146357864,
      0.9995264750955176,
      0.9996440957986648,
      0.9997326719089447,
      0.9997993242862141,
      0.9998494433588505,
      0.9998871049794595,
      0.9999153877627234,
      0.9999366148064552,
      0.9999525375105945,
      0.9999644751533195,
      0.999973420726477,
      0.9999801210846794,
      0.9999851375710404,
      0.9999888918255498,
      0.9999917003628508,
      0.9999938006484805,
      0.9999953707468153,
      0.999996544113492,
      0.999997420723868,
      0.9999980754391772,
      0.9999985642919098,
      0.9999989292050311,
      0.9999992015332435,
      0.9999994047188807,
      0.9999995562827749,
      0.9999996693159046,
      0.999999753596497,
      0.9999998164262802,
      0.9999998632562392,
      0.9999998981546853,
      0.9999999241572468,
      0.9999999435284838,
      0.999999957957377,
      0.9999999687033614,
      0.9999999767053853,
      0.9999999826633335,
      0.9999999870988012,
      0.999999990400447,
      0.9999999928578268,
      0.9999999946866301,
      0.9999999960475008,
      0.9999999970600679,
      0.999999997813406,
      0.99999999837383,
      0.9999999987907054,
      0.9999999991007757,
      0.9999999993313867,
      0.999999999502888,
      0.9999999996304212,
      0.9999999997252518,
      0.9999999997957612,
      0.9999999998481837,
      0.9999999998871565,
      0.9999999999161288,
      0.9999999999376653,
      0.9999999999536737,
      0.9999999999655724,
      0.9999999999744161,
      0.9999999999809888,
      0.9999999999858734,
      0.9999999999895034,
      0.9999999999922009,
      0.9999999999942054,
      0.9999999999956947,
      0.9999999999968014,
      0.9999999999976237,
      0.9999999999982346,
      0.9999999999986885
    ],