{
  "test_name": "real_hardware_integration",
  "led_spectroscopy": {
    "wavelengths_tested": [
      470,
      525,
      625
    ],
    "measurements": [
      {
        "center_wavelength_nm": 470,
        "spectrum_wavelengths": [
          420,
          421,
          422,
          423,
          424,
          425,
          426,
          427,
          428,
          429,
          430,
          431,
          432,
          433,
          434,
          435,
          436,
          437,
          438,
          439,
          440,
          441,
          442,
          443,
          444,
          445,
          446,
          447,
          448,
          449,
          450,
          451,
          452,
          453,
          454,
          455,
          456,
          457,
          458,
          459,
          460,
          461,
          462,
          463,
          464,
          465,
          466,
          467,
          468,
          469,
          470,
          471,
          472,
          473,
          474,
          475,
          476,
          477,
          478,
          479,
          480,
          481,
          482,
          483,
          484,
          485,
          486,
          487,
          488,
          489,
          490,
          491,
          492,
          493,
          494,
          495,
          496,
          497,
          498,
          499,
          500,
          501,
          502,
          503,
          504,
          505,
          506,
          507,
          508,
          509,
          510,
          511,
          512,
          513,
          514,
          515,
          516,
          517,
          518,
          519
        ],
        "intensity_values": [
          7.538229359344058,
          4.870081215668251,
          7.926622269845765,
          6.8860488738357315,
          7.071502091778978,
          5.883323413419299,
          8.602937782110986,
          5.606000743719889,
          4.285054122495364,
          8.500815047089173,
          1.7166383367039,
          6.064534132447302,
          5.913206220674559,
          4.823880749424061,
          6.656750835683317,
          7.048515224167355,
          2.901158182777156,
          11.835335053658776,
          7.248661248561495,
          9.059636938537341,
          6.789076782811788,
          7.727602568296186,
          9.211584626690412,
          7.8967328435753075,
          8.155124488699837,
          6.458288241412139,
          9.713018572036123,
          11.464231378673237,
          16.479866019818246,
          15.192630813476383,
          19.661677903808588,
          20.322729956641297,
          22.069528115348973,
          30.841647815549855,
          31.631839726129876,
          37.576051985816044,
          44.324198945675434,
          49.3816763683226,
          55.054305975063336,
          59.39223908239711,
          65.85617505609594,
          72.61028288586478,
          76.26727168149009,
          84.45737578376368,
          90.13526471211259,
          93.7512277255175,
          96.57513033714659,
          100.73431606853352,
          102.84773075824982,
          104.47471944633112,
          103.8168813117118,
          103.21179162663199,
          103.16910160705523,
          102.32804835890477,
          95.79298319848007,
          94.59597883647209,
          87.72636215780018,
          84.72159216650097,
          76.51148396796123,
          73.74200167898738,
          66.7344195161754,
          61.13113020785817,
          49.76854966449161,
          47.91242471827774,
          42.610032308628774,
          36.32027385109922,
          31.626194609376036,
          25.564771805181998,
          23.18448588704571,
          18.645811234020833,
          21.017344117851778,
          14.632589369728906,
          14.63235174625274,
          13.476088190677547,
          7.830977232051509,
          12.045422249166663,
          8.137266220409671,
          10.05948398599835,
          10.278540558690565,
          7.468230809190803,
          4.2729766163326595,
          5.819591464923259,
          7.303490828128487,
          10.302662980575453,
          5.259174297891699,
          5.242947514355044,
          8.015930907639472,
          4.10511360637236,
          9.090368781148157,
          4.373411371302571,
          8.434391898014164,
          2.6984581755221257,
          2.1015720524740438,
          4.384966009946645,
          8.083029018859678,
          3.6508540436755434,
          3.595415619991993,
          6.3195052674189345,
          4.373488977878873,
          5.759877363637542
        ],
        "peak_intensity": 104.47471944633112,
        "signal_to_noise_ratio": 51.07300087372231
      },
      {
        "center_wavelength_nm": 525,
        "spectrum_wavelengths": [
          475,
          476,
          477,
          478,
          479,
          480,
          481,
          482,
          483,
          484,
          485,
          486,
          487,
          488,
          489,
          490,
          491,
          492,
          493,
          494,
          495,
          496,
          497,
          498,
          499,
          500,
          501,
          502,
          503,
          504,
          505,
          506,
          507,
          508,
          509,
          510,
          511,
          512,
          513,
          514,
          515,
          516,
          517,
          518,
          519,
          520,
          521,
          522,
          523,
          524,
          525,
          526,
          527,
          528,
          529,
          530,
          531,
          532,
          533,
          534,
          535,
          536,
          537,
          538,
          539,
          540,
          541,
          542,
          543,
          544,
          545,
          546,
          547,
          548,
          549,
          550,
          551,
          552,
          553,
          554,
          555,
          556,
          557,
          558,
          559,
          560,
          561,
          562,
          563,
          564,
          565,
          566,
          567,
          568,
          569,
          570,
          571,
          572,
          573,
          574
        ],